www.facebook.com	photos
www.facebook.com	search
www.facebook.com	videos
www.facebook.com	something
www.facebook.com	1
www.facebook.com	2
www.facebook.com	4
www.facebook.com	rr
www.facebook.com	ss
www.facebook.com	vv
www.google.com	photos
www.google.com	search
www.google.com	videos
www.google.com	money
www.google.com	something
www.google.com	1
www.google.com	2
www.google.com	4
www.facebook.com	search
www.facebook.com	videos
www.facebook.com	ff
www.facebook.com	ss
www.facebook.com	vv
www.google.com	photos
www.google.com	money
www.google.com	something
www.google.com	1
www.google.com	2
www.google.com	4
www.google.com	rr
www.google.com	ff
www.google.com	ss
www.google.com	vv
www.dani.com	photos
www.dani.com	search
www.dani.com	videos
www.dani.com	money
www.dani.com	something
www.dani.com	1
www.dani.com	2
www.dani.com	4
www.dani.com	rr
www.dani.com	ff
www.dani.com	ss
www.dani.com	vv
www.miti.com	photos
www.miti.com	search
www.miti.com	videos
www.miti.com	something
www.miti.com	1
www.miti.com	2
www.miti.com	4
www.miti.com	ff
www.miti.com	ss
www.miti.com	vv
www.dndu.com	photos
www.dndu.com	search
www.dndu.com	videos
www.dndu.com	money
www.dndu.com	something
www.dndu.com	1
www.dndu.com	2
www.dndu.com	4
www.dndu.com	rr
www.dndu.com	ff
www.dndu.com	ss
www.dndu.com	vv
a	photos
a	search
a	videos
a	money
a	1
a	2
a	4
a	rr
a	ff
a	ss
a	vv
b	photos
b	search
b	videos
b	money
b	something
b	1
b	2
b	4
b	rr
b	ff
c	photos
c	search
c	videos
c	money
c	something
c	1
c	2
c	4
c	rr
c	ff
c	ss
c	vv
d	photos
d	search
d	videos
d	money
d	something
d	1
d	2
d	4
d	rr
d	ss
e	photos
e	search
e	videos
e	money
e	something
e	1
e	2
e	4
e	rr
e	ff
e	ss
e	vv
f	photos
f	search
f	videos
f	money
f	something
f	1
f	2
f	4
f	rr
f	ff
f	ss
f	vv
g	photos
g	search
g	videos
g	money
g	something
g	1
g	rr
g	ff
g	ss
g	vv
h	photos
h	search
h	videos
h	money
h	something
h	1
h	2
h	4
h	rr
h	ff
h	ss
h	vv
cc	photos
cc	search
cc	videos
cc	money
cc	something
cc	1
cc	2
cc	4
cc	ff
cc	ss
cc	vv
xx	search
xx	videos
xx	money
xx	something
xx	1
xx	2
xx	4
xx	rr
xx	ff
xx	ss
xx	vv
bvc	photos
bvc	search
bvc	videos
bvc	something
bvc	1
bvc	2
bvc	4
bvc	rr
bvc	ff
bvc	ss
bvc	vv
asdf	photos
asdf	search
asdf	videos
asdf	money
asdf	something
asdf	1
asdf	2
asdf	4
asdf	rr
asdf	ff
asdf	ss
asdf	vv
